[
  {
    "id": "1",
    "firstName": "one",
    "lastName": "user",
    "age": 21,
    "login": "userone",
    "password": "abcd",
    "isDeleted": true
  },
  {
    "id": "2",
    "firstName": "two",
    "lastName": "user",
    "age": 23,
    "login": "usertwo",
    "password": "xyzw",
    "isDeleted": false
  },
  {
    "id": "3",
    "firstName": "three",
    "lastName": "user",
    "age": 19,
    "login": "userthree",
    "password": "abcxyw",
    "isDeleted": true
  },
  {
    "id": "4",
    "firstName": "four",
    "lastName": "user",
    "age": 33,
    "login": "userfour",
    "password": "rvdnjnvjrf",
    "isDeleted": false
  },
  {
    "id": "5",
    "firstName": "five",
    "lastName": "user",
    "age": 27,
    "login": "userfive",
    "password": "bsnjf",
    "isDeleted": true
  },
  {
    "id": "6",
    "firstName": "six",
    "lastName": "user",
    "age": 36,
    "login": "usersix",
    "password": "grfdvbbtf",
    "isDeleted": false
  }
]
